{"providers": [
{"type":"bitmap","file":"server:rang/admin.png","ascent":7,"height":8,"chars":["🈹"]},
{"type":"bitmap","file":"server:rang/mod.png","ascent":7,"height":8,"chars":["🈶"]},
{"type":"bitmap","file":"server:rang/streamer.png","ascent":7,"height":8,"chars":["🈚"]},
{"type":"bitmap","file":"server:rang/spieler.png","ascent":7,"height":8,"chars":["🈸"]},
{"type":"bitmap","file":"server:rang/test.png","ascent":7,"height":8,"chars":["🈳"]},
{"type":"bitmap","file":"server:frak/gamba.png","ascent":7,"height":8,"chars":["🐼"]},
{"type":"bitmap","file":"server:frak/adler.png","ascent":7,"height":8,"chars":["🦅"]},
{"type":"bitmap","file":"server:frak/uni.png","ascent":7,"height":8,"chars":["📷"]},
{"type":"bitmap","file":"server:frak/nip.png","ascent":7,"height":8,"chars":["🙈"]},
{"type":"bitmap","file":"server:frak/gladiators.png","ascent":7,"height":8,"chars":["🔪"]},
{"type":"bitmap","file":"server:frak/dragons.png","ascent":7,"height":8,"chars":["🐉"]}
]}